N,rep,method,est,ci_half,theta_true
1000,0,oracle,0.5700621001227032,0.03134459772025394,0.5863548401836014
1000,0,proposed,0.6024132084799345,0.04514856861812428,0.5863548401836014
1000,0,baseline,0.5213901134225181,0.06007998804138787,0.5863548401836014
1000,1,oracle,-0.844709366,0.03246860910915146,-0.842693989
1000,1,proposed,-0.893849352,0.05013928918719931,-0.842693989
1000,1,baseline,-0.953750809,0.07083840062048297,-0.842693989
1000,2,oracle,-0.806707489,0.03037970836623189,-0.804200744
1000,2,proposed,-0.836290479,0.04313617233378054,-0.804200744
1000,2,baseline,-0.908963071,0.06216585762859343,-0.804200744
1000,3,oracle,-0.983136158,0.03202662478695405,-0.985067259
1000,3,proposed,-1.000695406,0.04934675226229615,-0.985067259
1000,3,baseline,-1.105823368,0.07653268526685607,-0.985067259
1000,4,oracle,0.608286041928737,0.03308946799953669,0.5976777780834192
1000,4,proposed,0.6285625564994721,0.049292263676043925,0.5976777780834192
1000,4,baseline,0.5496716604664575,0.06472780356641514,0.5976777780834192
1000,5,oracle,-0.797544971,0.030951317256679208,-0.781835157
1000,5,proposed,-0.79229258,0.05108601119313563,-0.781835157
1000,5,baseline,-0.868822741,0.07631900802678772,-0.781835157
1000,6,oracle,0.5663607123550155,0.03279584569271085,0.5608565261392087
1000,6,proposed,0.5462048669563861,0.048180295195873045,0.5608565261392087
1000,6,baseline,0.518902205069237,0.06581629665726327,0.5608565261392087
1000,7,oracle,0.6003007962345981,0.03201990516171559,0.6082874275402694
1000,7,proposed,0.6065995379715019,0.0492535182022654,0.6082874275402694
1000,7,baseline,0.5994833936701396,0.06386043172211806,0.6082874275402694
1000,8,oracle,0.8723491870443232,0.03178507262883759,0.8649896430098771
1000,8,proposed,0.8728421819143002,0.05137879904397015,0.8649896430098771
1000,8,baseline,0.858532605058379,0.06919667828995683,0.8649896430098771
1000,9,oracle,-0.923358845,0.03104781491070419,-0.919724054
1000,9,proposed,-0.947688122,0.05190571095016342,-0.919724054
1000,9,baseline,-1.026302314,0.07836541099265838,-0.919724054
1000,10,oracle,0.5578974216544113,0.03207758980395925,0.5555507435690578
1000,10,proposed,0.5226339201666876,0.04501974971476932,0.5555507435690578
1000,10,baseline,0.46418426341050284,0.0535969824501228,0.5555507435690578
1000,11,oracle,0.4813318991996187,0.03185731375884491,0.4555728110646943
1000,11,proposed,0.4982672775599959,0.04767169519986388,0.4555728110646943
1000,11,baseline,0.43871419393341793,0.06780141512661088,0.4555728110646943
1000,12,oracle,-0.818625063,0.03232118843141008,-0.824354595
1000,12,proposed,-0.847763871,0.050243552186208254,-0.824354595
1000,12,baseline,-0.946837076,0.07806284537601944,-0.824354595
1000,13,oracle,0.6836230586102038,0.03101289617522035,0.6963287731746819
1000,13,proposed,0.6758919059251165,0.046902456821898295,0.6963287731746819
1000,13,baseline,0.6731621750411722,0.06306876932342717,0.6963287731746819
1000,14,oracle,0.8131314723577877,0.031067097951948654,0.806594039347073
1000,14,proposed,0.786680849955308,0.043938095718788435,0.806594039347073
1000,14,baseline,0.6769445987227198,0.0541622175461985,0.806594039347073
1000,15,oracle,-0.651219793,0.03176377916369763,-0.636197431
1000,15,proposed,-0.628259129,0.0485850520756602,-0.636197431
1000,15,baseline,-0.712594558,0.07252753941028318,-0.636197431
1000,16,oracle,0.7390894122626622,0.03127781127120476,0.718357136142763
1000,16,proposed,0.7350047528957128,0.05158488553034681,0.718357136142763
1000,16,baseline,0.6518520616446808,0.06734026288727431,0.718357136142763
1000,17,oracle,0.9680647582851442,0.031182565532937998,0.9425040160270524
1000,17,proposed,0.9832512816874637,0.05258991546330198,0.9425040160270524
1000,17,baseline,0.9225510766114695,0.06928285861267959,0.9425040160270524
1000,18,oracle,-0.400467517,0.031982546608979374,-0.428505684
1000,18,proposed,-0.38729539,0.04701072412918502,-0.428505684
1000,18,baseline,-0.475324793,0.06476670419747349,-0.428505684
1000,19,oracle,0.4165753840867516,0.0318001724077949,0.40826872932843816
1000,19,proposed,0.39693690857419595,0.0457392259505359,0.40826872932843816
1000,19,baseline,0.30610111881763835,0.06023197052663125,0.40826872932843816
1000,20,oracle,0.8054548313218599,0.030161723322352126,0.8116874365270128
1000,20,proposed,0.7664221021498328,0.04605228544154742,0.8116874365270128
1000,20,baseline,0.760246818223013,0.058327277963381566,0.8116874365270128
1000,21,oracle,0.4526458358617285,0.03253934045077812,0.4419923934689379
1000,21,proposed,0.44148102221555374,0.04574565238614082,0.4419923934689379
1000,21,baseline,0.37076022197683384,0.056858024515017605,0.4419923934689379
1000,22,oracle,0.88328422155188,0.03160683434064471,0.8793067652253128
1000,22,proposed,0.8688557095880723,0.045322001457317546,0.8793067652253128
1000,22,baseline,0.761312368027351,0.06022899984316782,0.8793067652253128
1000,23,oracle,-0.615140018,0.031072769739666238,-0.60181071
1000,23,proposed,-0.587425283,0.052524841174867984,-0.60181071
1000,23,baseline,-0.667106184,0.07460530453853037,-0.60181071
1000,24,oracle,0.6950883740334668,0.030746162844760228,0.691931497864297
1000,24,proposed,0.6723353901201999,0.04515724267518692,0.691931497864297
1000,24,baseline,0.5999062524639357,0.05629599018857194,0.691931497864297
1000,25,oracle,0.5594822750290446,0.03192943442816308,0.5584193292835582
1000,25,proposed,0.5445324941939095,0.04501688008268318,0.5584193292835582
1000,25,baseline,0.4204928682630825,0.057897156705443154,0.5584193292835582
1000,26,oracle,0.7606877308613852,0.03254073654277013,0.7691770686313574
1000,26,proposed,0.7448307354712035,0.0486737413055569,0.7691770686313574
1000,26,baseline,0.6917692853838195,0.06118420145534547,0.7691770686313574
1000,27,oracle,0.5466248238880033,0.03119640785283124,0.5723038309422516
1000,27,proposed,0.5144044228760307,0.04380502474223401,0.5723038309422516
1000,27,baseline,0.4624197636532379,0.05343620921820323,0.5723038309422516
1000,28,oracle,-0.471539387,0.03245989831403519,-0.454165321
1000,28,proposed,-0.452810606,0.04717258785754976,-0.454165321
1000,28,baseline,-0.566725734,0.06786422064889085,-0.454165321
1000,29,oracle,-0.715244175,0.029921856895358905,-0.685278666
1000,29,proposed,-0.71913168,0.046364283005733455,-0.685278666
1000,29,baseline,-0.80564966,0.07329618075847483,-0.685278666
100,0,oracle,-0.633218934,0.10943108664542212,-0.63847273
100,0,proposed,-0.491316878,0.20870617475307232,-0.63847273
100,0,baseline,-0.698406972,0.25978115582719735,-0.63847273
100,1,oracle,0.6979286783187395,0.09682834159739372,0.6807077962443804
100,1,proposed,0.7801541284482909,0.17215435909143148,0.6807077962443804
100,1,baseline,0.6188129179476983,0.23649340150324805,0.6807077962443804
100,2,oracle,0.4640968667877745,0.10939380057603461,0.46234947382165836
100,2,proposed,0.3762536730537871,0.2045857208829637,0.46234947382165836
100,2,baseline,0.2765292729151193,0.25128802622789487,0.46234947382165836
100,3,oracle,0.678655761416523,0.08899286571185983,0.6252003123684462
100,3,proposed,0.6642420284317394,0.2109031223060427,0.6252003123684462
100,3,baseline,0.4931543839882711,0.24711972082572983,0.6252003123684462
100,4,oracle,-0.695088042,0.09096588579163845,-0.598569052
100,4,proposed,-0.400628302,0.2345176072620728,-0.598569052
100,4,baseline,-0.356296375,0.26585148767638495,-0.598569052
100,5,oracle,0.8367955723018862,0.08551948765223102,0.9033051859984136
100,5,proposed,0.7298598865710949,0.21489386434114027,0.9033051859984136
100,5,baseline,0.7161418029835902,0.2990435168896667,0.9033051859984136
100,6,oracle,0.9529441693750911,0.11159999239133016,0.9612609603360399
100,6,proposed,0.9130043384053845,0.2211323240164466,0.9612609603360399
100,6,baseline,0.6664236768811035,0.2197287211515927,0.9612609603360399
100,7,oracle,0.706715459890987,0.09463849094263942,0.7315055213788233
100,7,proposed,0.8221636520595226,0.16724579902749992,0.7315055213788233
100,7,baseline,0.6713894307473975,0.19124480323759846,0.7315055213788233
100,8,oracle,0.8283416686185945,0.09423091770440062,0.9071269547286648
100,8,proposed,0.8188271100579808,0.17092211450146963,0.9071269547286648
100,8,baseline,0.8192993305677827,0.20678103680135404,0.9071269547286648
100,9,oracle,-0.512135244,0.1045080429805143,-0.428218177
100,9,proposed,-0.358584886,0.11800079071729111,-0.428218177
100,9,baseline,-0.297414079,0.1556630673190228,-0.428218177
100,10,oracle,-0.831806724,0.11365262741594032,-0.867533487
100,10,proposed,-0.795997312,0.2602035626384315,-0.867533487
100,10,baseline,-1.004353439,0.3612706971881701,-0.867533487
100,11,oracle,-0.906244097,0.10132482133794214,-0.972937551
100,11,proposed,-0.944515422,0.17396663020219036,-0.972937551
100,11,baseline,-1.026682643,0.19661754818527927,-0.972937551
100,12,oracle,0.7189426030505869,0.09822254049003815,0.7781745148526928
100,12,proposed,0.7604031608855985,0.13944913486079788,0.7781745148526928
100,12,baseline,0.7550843758067398,0.18102617711016744,0.7781745148526928
100,13,oracle,-0.917083969,0.08593115618011758,-0.955524628
100,13,proposed,-0.669060379,0.20980333953436395,-0.955524628
100,13,baseline,-0.584933344,0.22959498187710967,-0.955524628
100,14,oracle,-0.67674776,0.10571161813615242,-0.652788563
100,14,proposed,-0.759006237,0.19817486036383422,-0.652788563
100,14,baseline,-1.257642378,0.26329363883331225,-0.652788563
100,15,oracle,0.5438449662956621,0.09497767531722033,0.5696463809789458
100,15,proposed,0.48898760359961746,0.2239836654464381,0.5696463809789458
100,15,baseline,0.4816738969608386,0.2805402990622136,0.5696463809789458
100,16,oracle,0.8380674429693944,0.10206197264498014,0.7967945880698647
100,16,proposed,0.7205303052986216,0.18607797631068893,0.7967945880698647
100,16,baseline,0.8858858283815239,0.26114559196642384,0.7967945880698647
100,17,oracle,-0.613569244,0.10355319961660103,-0.599378083
100,17,proposed,-0.414128376,0.15763260174031685,-0.599378083
100,17,baseline,-0.60406505,0.18030613547304294,-0.599378083
100,18,oracle,0.6905496981358007,0.1026153030965658,0.7563554166898674
100,18,proposed,0.8802699584915025,0.27031484145232043,0.7563554166898674
100,18,baseline,0.742610370697292,0.2901406464959665,0.7563554166898674
100,19,oracle,0.477232062554511,0.11993888576320712,0.4679105621864553
100,19,proposed,0.3256248885069579,0.16572927407312868,0.4679105621864553
100,19,baseline,0.5244885901696852,0.1954245537227666,0.4679105621864553
100,20,oracle,0.8164296459796817,0.0922665527376898,0.8367425443945962
100,20,proposed,0.7921482142557037,0.24090595554100808,0.8367425443945962
100,20,baseline,0.824960293003236,0.3174845458137543,0.8367425443945962
100,21,oracle,-0.784926799,0.10776464548741144,-0.822525761
100,21,proposed,-0.594003346,0.17687257091303446,-0.822525761
100,21,baseline,-0.628811872,0.21754539738932976,-0.822525761
100,22,oracle,0.7011184881641657,0.08947115936802465,0.5840473391508749
100,22,proposed,0.7510149663265444,0.20898013875545907,0.5840473391508749
100,22,baseline,0.712339422061069,0.2265603223424076,0.5840473391508749
100,23,oracle,-0.369242502,0.09215376154845921,-0.431058667
100,23,proposed,-0.486326,0.20362845636766266,-0.431058667
100,23,baseline,-0.734998194,0.281949072941644,-0.431058667
100,24,oracle,0.8153302808872158,0.11084297025724582,0.7936676671796745
100,24,proposed,0.7141243138285003,0.1971443519459355,0.7936676671796745
100,24,baseline,0.7222190419325698,0.2223957698769828,0.7936676671796745
100,25,oracle,0.5369491058329756,0.10800092030690449,0.4762198179239205
100,25,proposed,0.2702354780143157,0.1898129400802459,0.4762198179239205
100,25,baseline,0.4182339192679048,0.24171555334906364,0.4762198179239205
100,26,oracle,-0.599839834,0.11416309849870222,-0.653318351
100,26,proposed,-0.704633572,0.28821732407785844,-0.653318351
100,26,baseline,-0.839226811,0.31537159213912264,-0.653318351
100,27,oracle,-0.859478543,0.10864972172011754,-0.792770463
100,27,proposed,-1.005146066,0.25243379620503054,-0.792770463
100,27,baseline,-1.017941103,0.32386398909730163,-0.792770463
100,28,oracle,-0.942000656,0.09693897505109078,-0.980639458
100,28,proposed,-0.689610011,0.12924685802742306,-0.980639458
100,28,baseline,-0.788714064,0.21685600780976985,-0.980639458
100,29,oracle,-0.951551714,0.09798594356914662,-0.987664869
100,29,proposed,-0.831216653,0.20981913944339878,-0.987664869
100,29,baseline,-0.791281564,0.26347835284463417,-0.987664869
200,0,oracle,-0.750410631,0.07724331130980093,-0.758253844
200,0,proposed,-0.69785964,0.13440414859056024,-0.758253844
200,0,baseline,-0.814619427,0.18164201793153842,-0.758253844
200,1,oracle,0.508223155935682,0.07107837589527702,0.4854949970545466
200,1,proposed,0.5312825199822733,0.12409879896206112,0.4854949970545466
200,1,baseline,0.3513649724835665,0.1457131970667848,0.4854949970545466
200,2,oracle,-0.615850527,0.07894254865615744,-0.668333683
200,2,proposed,-0.674097793,0.1437468718326797,-0.668333683
200,2,baseline,-0.794683982,0.18496667752216034,-0.668333683
200,3,oracle,0.6889815049132325,0.07364919971808735,0.6582601470874072
200,3,proposed,0.7540599498492124,0.12866530815869553,0.6582601470874072
200,3,baseline,0.6429052862834586,0.168958485650997,0.6582601470874072
200,4,oracle,0.7863593206925947,0.06353783329877775,0.7321982699019932
200,4,proposed,0.7754958837342137,0.12768142456705628,0.7321982699019932
200,4,baseline,0.6897672509612376,0.16396871681244352,0.7321982699019932
200,5,oracle,0.6460028506506116,0.06928303125401587,0.6954024804053669
200,5,proposed,0.6070377370573166,0.13832833065621847,0.6954024804053669
200,5,baseline,0.593165948873557,0.1760479608032124,0.6954024804053669
200,6,oracle,0.4485276103387965,0.06938504120681863,0.4600789863879301
200,6,proposed,0.49777003379407736,0.12709289864733056,0.4600789863879301
200,6,baseline,0.5313750087337188,0.15894954585179022,0.4600789863879301
200,7,oracle,0.8767327147897649,0.06921283255004765,0.8945668416179553
200,7,proposed,0.9789078412245498,0.12205153405257059,0.8945668416179553
200,7,baseline,0.9512243717063015,0.15857674859008344,0.8945668416179553
200,8,oracle,-0.749430103,0.06318143322066849,-0.768624656
200,8,proposed,-0.889687962,0.11827903483485983,-0.768624656
200,8,baseline,-0.894933353,0.1529207257573725,-0.768624656
200,9,oracle,-0.522117121,0.0645209061272002,-0.484949247
200,9,proposed,-0.41406658,0.10412841339084168,-0.484949247
200,9,baseline,-0.471645446,0.1278935433676602,-0.484949247
200,10,oracle,0.6387397864688898,0.07293032473710101,0.7047070158321428
200,10,proposed,0.6206443757805342,0.12538394625137309,0.7047070158321428
200,10,baseline,0.555291290031905,0.14317989062405276,0.7047070158321428
200,11,oracle,-0.58083353,0.07244145286554546,-0.567571814
200,11,proposed,-0.660258244,0.1348921130141843,-0.567571814
200,11,baseline,-0.591215216,0.181183971480891,-0.567571814
200,12,oracle,-0.506462725,0.07110034656637347,-0.458599997
200,12,proposed,-0.457335899,0.12586868003957136,-0.458599997
200,12,baseline,-0.646251818,0.17248846125397402,-0.458599997
200,13,oracle,0.9480166177843383,0.06906996989383402,0.8837878956067331
200,13,proposed,0.9576757030187241,0.1337086976689139,0.8837878956067331
200,13,baseline,0.8545590386679721,0.15628391676870915,0.8837878956067331
200,14,oracle,-0.717020292,0.0695605487358176,-0.647557244
200,14,proposed,-0.776205152,0.1484901604590501,-0.647557244
200,14,baseline,-0.742775631,0.18380402149727054,-0.647557244
200,15,oracle,-0.917501205,0.06933064279225294,-0.908934936
200,15,proposed,-0.918980726,0.1218608406593344,-0.908934936
200,15,baseline,-0.923543409,0.15758060464735898,-0.908934936
200,16,oracle,-0.854712844,0.06911147586173938,-0.855434701
200,16,proposed,-0.890042517,0.1396645516619723,-0.855434701
200,16,baseline,-0.971272512,0.17849836390276422,-0.855434701
200,17,oracle,0.7319220215769315,0.06899471274076133,0.782186762152238
200,17,proposed,0.7523207724952343,0.1292480599677418,0.782186762152238
200,17,baseline,0.4837767956502528,0.14213664240692805,0.782186762152238
200,18,oracle,0.7656407838277499,0.07493911421772162,0.7891334670836483
200,18,proposed,0.8283857577973124,0.11968641391734869,0.7891334670836483
200,18,baseline,0.7934325387697889,0.13922412407809137,0.7891334670836483
200,19,oracle,-0.900669866,0.07196708728786877,-0.907620967
200,19,proposed,-0.798888533,0.13515467829425815,-0.907620967
200,19,baseline,-0.951751529,0.18578687146016234,-0.907620967
200,20,oracle,-0.539759041,0.06977482780692233,-0.570573283
200,20,proposed,-0.53007571,0.11374622080950805,-0.570573283
200,20,baseline,-0.621991799,0.14389834652953612,-0.570573283
200,21,oracle,-0.647968104,0.07006310934777374,-0.666228848
200,21,proposed,-0.70509048,0.12279695715880816,-0.666228848
200,21,baseline,-0.790493664,0.18636443305820735,-0.666228848
200,22,oracle,-0.438295631,0.0723855048712236,-0.404908001
200,22,proposed,-0.416102614,0.1124150050609326,-0.404908001
200,22,baseline,-0.368907445,0.1378156925709282,-0.404908001
200,23,oracle,-0.558478542,0.06865176452640487,-0.537986349
200,23,proposed,-0.601211604,0.1303247084928526,-0.537986349
200,23,baseline,-0.591116864,0.16064983393760268,-0.537986349
200,24,oracle,-0.602182544,0.06501741599990037,-0.608855857
200,24,proposed,-0.586246492,0.11226416492894538,-0.608855857
200,24,baseline,-0.78559845,0.13500608286035817,-0.608855857
200,25,oracle,-0.817102096,0.06957283069270549,-0.772775998
200,25,proposed,-0.803297461,0.12564777872735144,-0.772775998
200,25,baseline,-0.992912436,0.179874702395967,-0.772775998
200,26,oracle,-0.507766788,0.06264816861115555,-0.558615332
200,26,proposed,-0.3969681,0.11050891448125852,-0.558615332
200,26,baseline,-0.433629348,0.14014501566572157,-0.558615332
200,27,oracle,-0.397860667,0.07364125899358631,-0.433518763
200,27,proposed,-0.371184307,0.11678243942132217,-0.433518763
200,27,baseline,-0.352284492,0.1333478084550398,-0.433518763
200,28,oracle,0.9193045993334832,0.0736883112304738,0.9292665667133864
200,28,proposed,0.9130980803807535,0.12581552620711672,0.9292665667133864
200,28,baseline,0.9107801350309407,0.14437868412875388,0.9292665667133864
200,29,oracle,0.6525587091838192,0.06663097054166273,0.6596687436252913
200,29,proposed,0.6326637342295655,0.11461506682616013,0.6596687436252913
200,29,baseline,0.46489265092496235,0.11522716374262804,0.6596687436252913
500,0,oracle,0.9692010151093581,0.04525117786083641,0.9702987574143964
500,0,proposed,0.8985834042447199,0.07749651246724353,0.9702987574143964
500,0,baseline,0.87323968849904,0.09578516238864827,0.9702987574143964
500,1,oracle,0.6079196079152465,0.04467246029423401,0.6225635937850558
500,1,proposed,0.6395257472732914,0.07229400942454067,0.6225635937850558
500,1,baseline,0.6052027801773918,0.09977272018756736,0.6225635937850558
500,2,oracle,0.7589584143692685,0.044139516484768576,0.7617747929693574
500,2,proposed,0.6817842167234753,0.07762617516331158,0.7617747929693574
500,2,baseline,0.6603063378466371,0.10221947009791285,0.7617747929693574
500,3,oracle,-0.700732578,0.042826477604521566,-0.694612153
500,3,proposed,-0.706067657,0.07182569221496105,-0.694612153
500,3,baseline,-0.811329037,0.1057054000538287,-0.694612153
500,4,oracle,-0.676785916,0.04536446554792024,-0.675971068
500,4,proposed,-0.670261027,0.07543044319322159,-0.675971068
500,4,baseline,-0.788242702,0.11018141180119245,-0.675971068
500,5,oracle,0.8325835751774309,0.046576093140016955,0.8101314953256213
500,5,proposed,0.7278160995980457,0.07530031119890476,0.8101314953256213
500,5,baseline,0.7063840692033598,0.09081140544487325,0.8101314953256213
500,6,oracle,0.5489432489571747,0.046976004669651086,0.5380533579043218
500,6,proposed,0.588306306418341,0.07628239089429177,0.5380533579043218
500,6,baseline,0.41030184280896465,0.09304362641079693,0.5380533579043218
500,7,oracle,-0.584341174,0.04599338037454363,-0.585565981
500,7,proposed,-0.562391138,0.0749496091199064,-0.585565981
500,7,baseline,-0.583396176,0.10513027237353603,-0.585565981
500,8,oracle,-0.878713937,0.043570231014551014,-0.88621192
500,8,proposed,-0.893479291,0.07713594635844517,-0.88621192
500,8,baseline,-0.887778846,0.11422844195770034,-0.88621192
500,9,oracle,0.8876191135370413,0.045468776557303685,0.8858398957766198
500,9,proposed,0.9236761882160659,0.0796744074234024,0.8858398957766198
500,9,baseline,0.8798652137341938,0.09380976198466834,0.8858398957766198
500,10,oracle,-1.004417306,0.04386739784681457,-0.972966639
500,10,proposed,-1.021343635,0.07124659461326657,-0.972966639
500,10,baseline,-1.050874082,0.10303697400179537,-0.972966639
500,11,oracle,-0.742713388,0.04580091747919543,-0.740529478
500,11,proposed,-0.732307283,0.06286496574081518,-0.740529478
500,11,baseline,-0.766431213,0.08866062755845712,-0.740529478
500,12,oracle,-0.451835123,0.04071348673862613,-0.431082524
500,12,proposed,-0.475915815,0.06366908413069812,-0.431082524
500,12,baseline,-0.537686604,0.08981544286591617,-0.431082524
500,13,oracle,0.97661605976786,0.0437086925642842,0.912416946921975
500,13,proposed,0.9775275503046352,0.07331300257044684,0.912416946921975
500,13,baseline,0.859854178146017,0.088558380769512,0.912416946921975
500,14,oracle,0.6201190101271534,0.041658040528769306,0.6530242258593686
500,14,proposed,0.6097448766699898,0.07740479003550624,0.6530242258593686
500,14,baseline,0.6643333410656028,0.100111175384026,0.6530242258593686
500,15,oracle,-0.968228747,0.04633612787548422,-0.993946155
500,15,proposed,-0.908295318,0.07391739650356854,-0.993946155
500,15,baseline,-1.005221046,0.10166895161741982,-0.993946155
500,16,oracle,-0.42831842,0.04730299901294911,-0.468160651
500,16,proposed,-0.461400815,0.07296275672504343,-0.468160651
500,16,baseline,-0.477821285,0.09947757476734938,-0.468160651
500,17,oracle,0.7400849570444064,0.04612306696175808,0.7221153746149063
500,17,proposed,0.6973792365835172,0.07617259530547035,0.7221153746149063
500,17,baseline,0.6297747001675513,0.09624916149989642,0.7221153746149063
500,18,oracle,-0.964332688,0.04261889430542976,-0.972684612
500,18,proposed,-0.948752676,0.07757218495779386,-0.972684612
500,18,baseline,-1.021051619,0.1176455641220056,-0.972684612
500,19,oracle,-0.575588962,0.04338048362393801,-0.56792772
500,19,proposed,-0.595351671,0.06839986780758738,-0.56792772
500,19,baseline,-0.60714023,0.09456769282061171,-0.56792772
500,20,oracle,-0.776403433,0.042974570005518735,-0.788107457
500,20,proposed,-0.768612787,0.07264357107523918,-0.788107457
500,20,baseline,-0.964333204,0.11031821693405128,-0.788107457
500,21,oracle,0.8039427746131096,0.046019538203894504,0.7881946888479725
500,21,proposed,0.8430865145365428,0.07136121960405221,0.7881946888479725
500,21,baseline,0.7523371837746229,0.0885337938030529,0.7881946888479725
500,22,oracle,-0.573651946,0.04620018945675057,-0.604913748
500,22,proposed,-0.598365931,0.07026899736847232,-0.604913748
500,22,baseline,-0.697166437,0.10245121491042464,-0.604913748
500,23,oracle,-0.881762528,0.04403219296615977,-0.880304106
500,23,proposed,-0.940451034,0.07546703386878005,-0.880304106
500,23,baseline,-0.950874826,0.10678955595511624,-0.880304106
500,24,oracle,0.4548472426616419,0.04521525437841798,0.4707822529807968
500,24,proposed,0.45454708810235667,0.06785408080348362,0.4707822529807968
500,24,baseline,0.34848273792691115,0.09126537876137443,0.4707822529807968
500,25,oracle,0.6442684853895979,0.04405436511591549,0.6582779317628585
500,25,proposed,0.671163354605801,0.06327869399508566,0.6582779317628585
500,25,baseline,0.5636714828621046,0.08587642597094726,0.6582779317628585
500,26,oracle,0.9076688793450525,0.043945024536404274,0.889671524773422
500,26,proposed,0.9276061060440415,0.08138921860818828,0.889671524773422
500,26,baseline,0.7716828489962322,0.09757977280093101,0.889671524773422
500,27,oracle,0.597819687260052,0.04512743638937946,0.6070713462611235
500,27,proposed,0.6565651152161379,0.07791711385092169,0.6070713462611235
500,27,baseline,0.6338335975452912,0.09915553563109333,0.6070713462611235
500,28,oracle,-0.852118827,0.04538586056014568,-0.866344133
500,28,proposed,-0.905525741,0.07658088108525868,-0.866344133
500,28,baseline,-0.954844982,0.10637952286968061,-0.866344133
500,29,oracle,0.48135604940954557,0.04368726851179963,0.5145425404294042
500,29,proposed,0.5238527660492085,0.06799788827577587,0.5145425404294042
500,29,baseline,0.4556779815403523,0.0869847466153236,0.5145425404294042
50,0,oracle,-0.939351435,0.12567926657469017,-0.889423046
50,0,proposed,-0.368865939,0.0779304549682597,-0.889423046
50,0,baseline,-0.783937434,0.10461878945640204,-0.889423046
50,1,oracle,-0.498416735,0.125350577523017,-0.533183433
50,1,proposed,-0.156751637,0.08830147417656942,-0.533183433
50,1,baseline,-0.156136162,0.10289971058884712,-0.533183433
50,2,oracle,-0.654539608,0.12574074231429164,-0.718608386
50,2,proposed,-0.582841562,0.06171129895088518,-0.718608386
50,2,baseline,-0.542753388,0.05947230377098378,-0.718608386
50,3,oracle,0.7104705344122552,0.125036676993814,0.6840526210955027
50,3,proposed,0.6577193134267769,0.06414138760645312,0.6840526210955027
50,3,baseline,0.4725702251689889,0.02474627777613422,0.6840526210955027
50,4,oracle,-0.349006931,0.16572891143697532,-0.404484586
50,4,proposed,-0.067522418,0.08171080846924018,-0.404484586
50,4,baseline,-0.058611571,0.08211658274719834,-0.404484586
50,5,oracle,-0.59346819,0.1533083492441163,-0.812932074
50,5,proposed,-0.57280379,0.11689081107642511,-0.812932074
50,5,baseline,-1.095343602,0.10280948479753638,-0.812932074
50,6,oracle,-0.903652654,0.16948153076484712,-0.801806763
50,6,proposed,-0.409733913,0.10029540420051153,-0.801806763
50,6,baseline,-0.454439335,0.11338146035751638,-0.801806763
50,7,oracle,0.7480572278727882,0.17591742141662658,0.8426611213986563
50,7,proposed,0.865352811533477,0.10054086661870053,0.8426611213986563
50,7,baseline,0.47634689799724916,0.10900321228479383,0.8426611213986563
50,8,oracle,-0.865724175,0.14062081001975052,-0.847574838
50,8,proposed,-0.350756722,0.10592669312152841,-0.847574838
50,8,baseline,-0.542470353,0.11332809954725816,-0.847574838
50,9,oracle,-0.553267988,0.15594032278709047,-0.452095736
50,9,proposed,-0.304081742,0.1252220061786999,-0.452095736
50,9,baseline,-0.474577412,0.17541196065333325,-0.452095736
50,10,oracle,-0.537199335,0.11741375883641003,-0.576331809
50,10,proposed,-0.183572118,0.0653587534773706,-0.576331809
50,10,baseline,-0.169093719,0.08442908005326062,-0.576331809
50,11,oracle,-0.908798053,0.1446897512385389,-0.880173447
50,11,proposed,-0.844600556,0.08494164257145545,-0.880173447
50,11,baseline,-0.607778886,0.09272969303042679,-0.880173447
50,12,oracle,-0.579757647,0.17304001877926728,-0.518073449
50,12,proposed,-0.076841884,0.08643542454951848,-0.518073449
50,12,baseline,-0.076837463,0.09886595722495191,-0.518073449
50,13,oracle,0.898059923977871,0.1161527314699676,0.8784525484898063
50,13,proposed,0.7471995507281612,0.07504231114206003,0.8784525484898063
50,13,baseline,0.6170555886163134,0.07706690926516023,0.8784525484898063
50,14,oracle,0.7745204470046134,0.1336118794604199,0.8080345820584776
50,14,proposed,0.7266527130037561,0.20259972585177963,0.8080345820584776
50,14,baseline,0.7169821844015338,0.17963907495860626,0.8080345820584776
50,15,oracle,0.6197304665930868,0.11187421885949476,0.6986881157179812
50,15,proposed,0.2588354002248987,0.1113065222490646,0.6986881157179812
50,15,baseline,0.2468906583471514,0.09441685914398232,0.6986881157179812
50,16,oracle,0.5341454107966563,0.16865290283199144,0.5095911122295542
50,16,proposed,0.4623286694030068,0.05934865917335959,0.5095911122295542
50,16,baseline,0.37405908897344037,0.08049579016452535,0.5095911122295542
50,17,oracle,0.1799353901444174,0.1459483837831155,0.43344130983557405
50,17,proposed,0.08870786176628787,0.06832313355157453,0.43344130983557405
50,17,baseline,0.06355033292493317,0.07834985746508641,0.43344130983557405
50,18,oracle,-0.578976087,0.18186057129531422,-0.576561274
50,18,proposed,-0.56792382,0.07392676902482385,-0.576561274
50,18,baseline,-0.591046999,0.01807195995121483,-0.576561274
50,19,oracle,0.583449056845731,0.12153114571986796,0.6802273897789353
50,19,proposed,0.6144817980913064,0.06210368793470096,0.6802273897789353
50,19,baseline,0.5072726125063192,0.05949554149692932,0.6802273897789353
50,20,oracle,0.7298137306260668,0.1418200880746119,0.6023212845597735
50,20,proposed,0.19430614786623202,0.09551873938327653,0.6023212845597735
50,20,baseline,0.1719973536741535,0.049321064433856115,0.6023212845597735
50,21,oracle,-0.593312341,0.15960115579460796,-0.731268485
50,21,proposed,-0.237743848,0.11433743569953633,-0.731268485
50,21,baseline,-0.24007206,0.1496370215435399,-0.731268485
50,22,oracle,0.5389418560898881,0.10409401216048222,0.4969720905489379
50,22,proposed,0.24298734426988008,0.07625791540020234,0.4969720905489379
50,22,baseline,0.2558864972573122,0.10571624676616681,0.4969720905489379
50,23,oracle,-0.74833819,0.13560695129894748,-0.786077772
50,23,proposed,-0.564676949,0.07361329708972018,-0.786077772
50,23,baseline,-0.546237218,0.09533730689618448,-0.786077772
50,24,oracle,-0.836534138,0.163631987537867,-0.868182088
50,24,proposed,-0.609076259,0.03989922853241635,-0.868182088
50,24,baseline,-0.767122197,0.09549236335554585,-0.868182088
50,25,oracle,-0.999063764,0.11712232695725161,-0.921334109
50,25,proposed,-0.783436132,0.08080934173390864,-0.921334109
50,25,baseline,-0.69468519,0.037906294855303266,-0.921334109
50,26,oracle,-0.630274452,0.12412719867358614,-0.514624818
50,26,proposed,-0.500032552,0.07873315940753882,-0.514624818
50,26,baseline,-0.42335642,0.05484217083147909,-0.514624818
50,27,oracle,0.7403867242693317,0.10362547355926048,0.7333564097758789
50,27,proposed,0.6808576662581132,0.2049366369497121,0.7333564097758789
50,27,baseline,0.7507768473949042,0.17438662126371124,0.7333564097758789
50,28,oracle,-0.719356637,0.1319614353631718,-0.73390089
50,28,proposed,-0.384877319,0.14042924491082306,-0.73390089
50,28,baseline,-0.260051469,0.14879059976572848,-0.73390089
50,29,oracle,-0.61155871,0.169035140455069,-0.575159287
50,29,proposed,-0.090184652,0.0810205105962367,-0.575159287
50,29,baseline,-0.062681526,0.08119419250117593,-0.575159287
